comparison,W_statistic,p_value,p_corrected,significant,cohens_d
MetaGNN vs GIMME,3.0,1.1641532182693481e-09,4.6566128730773926e-09,Yes,1.1
MetaGNN vs iMAT,1.0,4.656612873077393e-10,1.862645149230957e-09,Yes,0.9
MetaGNN vs CORDA,1.0,4.656612873077393e-10,1.862645149230957e-09,Yes,0.8
MetaGNN vs tINIT,1.0,4.656612873077393e-10,1.862645149230957e-09,Yes,0.6
