comparison,W_statistic,p_value,p_corrected,significant,cohens_d
MetaGNN vs GIMME,0.0,2.3283064365386963e-10,9.313225746154785e-10,Yes,0.8800000000000001
MetaGNN vs iMAT,3.0,1.1641532182693481e-09,4.6566128730773926e-09,Yes,0.7200000000000001
MetaGNN vs CORDA,0.0,2.3283064365386963e-10,9.313225746154785e-10,Yes,0.6400000000000001
MetaGNN vs tINIT,0.0,2.3283064365386963e-10,9.313225746154785e-10,Yes,0.48
