bin_midpoint,predicted_prob,observed_freq,bin_count
0.05,0.05,0.06586817762275186,95
0.15000000000000002,0.15000000000000002,0.14624489796281745,112
0.25,0.25,0.2802505831041856,136
0.35000000000000003,0.35000000000000003,0.36659888623483894,93
0.45,0.45,0.4579689352056247,95
0.55,0.55,0.5553192915020301,135
0.6500000000000001,0.6500000000000001,0.6536935764370202,118
0.75,0.75,0.7236709831300611,90
0.8500000000000001,0.8500000000000001,0.866200583852837,121
0.95,0.95,0.9389668721078026,141
