bin_midpoint,predicted_prob,observed_freq,bin_count
0.05,0.05,0.05715009522598726,105
0.15000000000000002,0.15000000000000002,0.12046929032147885,131
0.25,0.25,0.30223679944453785,102
0.35000000000000003,0.35000000000000003,0.32190010072702235,93
0.45,0.45,0.4876885492044016,119
0.55,0.55,0.5661072368843943,82
0.6500000000000001,0.6500000000000001,0.6277842846426943,106
0.75,0.75,0.7404748067054131,129
0.8500000000000001,0.8500000000000001,0.8337948063263121,116
0.95,0.95,1.0,83
