{
  "baseline": {
    "AUROC_mean": 0.9076209706504864,
    "AUROC_std_across_seeds": 0.0009516354084776835,
    "F1_mean": 0.9293488176390864,
    "F1_std_across_seeds": 0.0010918764144322477,
    "AUPRC_mean": 0.9491856061980736,
    "AUPRC_std_across_seeds": 0.00045120420201810724,
    "Precision_mean": 0.8865682776872715,
    "Precision_std_across_seeds": 0.00042990506774512864,
    "Recall_mean": 0.9764749569489672,
    "Recall_std_across_seeds": 0.0028966486785042974,
    "per_seed": [
      {
        "F1_mean": 0.9278582231045375,
        "F1_std": 0.0009939676678668615,
        "AUROC_mean": 0.9081317107327492,
        "AUROC_std": 0.0007822466147419386,
        "AUPRC_mean": 0.949411377316887,
        "AUPRC_std": 0.0005301045907159706,
        "Precision_mean": 0.8870476411591557,
        "Precision_std": 0.0011133103527722218,
        "Recall_mean": 0.9726064849953888,
        "Recall_std": 0.0014228249370904817,
        "best_val_f1": 0.927933346959831,
        "train_time_s": 4798.688251018524,
        "seed": 2024,
        "n_params": 873217
      },
      {
        "F1_mean": 0.9304432382467003,
        "F1_std": 0.0009818102560964128,
        "AUROC_mean": 0.9062872809200789,
        "AUROC_std": 0.0008294247645117092,
        "AUPRC_mean": 0.9485558566340095,
        "AUPRC_std": 0.0005584607272205342,
        "Precision_mean": 0.8860047355689472,
        "Precision_std": 0.0010599878892026146,
        "Recall_mean": 0.9795762635784181,
        "Recall_std": 0.0014551453467254846,
        "best_val_f1": 0.930782740853032,
        "train_time_s": 4783.770564079285,
        "seed": 42,
        "n_params": 873217
      },
      {
        "F1_mean": 0.9297449915660215,
        "F1_std": 0.0006722108280204735,
        "AUROC_mean": 0.908443920298631,
        "AUROC_std": 0.0008052783221373347,
        "AUPRC_mean": 0.9495895846433244,
        "AUPRC_std": 0.0005064461605716235,
        "Precision_mean": 0.8866524563337119,
        "Precision_std": 0.0007934983350774755,
        "Recall_mean": 0.9772421222730946,
        "Recall_std": 0.0014377966943214808,
        "best_val_f1": 0.9296192977654054,
        "train_time_s": 4939.610152959824,
        "seed": 123,
        "n_params": 873217
      }
    ]
  },
  "rna_only": {
    "AUROC_mean": 0.9070197948620692,
    "AUROC_std_across_seeds": 0.0017050802991606876,
    "F1_mean": 0.9277030313008189,
    "F1_std_across_seeds": 0.0008163364919095327,
    "AUPRC_mean": 0.9487472562044804,
    "AUPRC_std_across_seeds": 0.0008568169276481709,
    "Precision_mean": 0.8857647415771943,
    "Precision_std_across_seeds": 0.0020011579724781587,
    "Recall_mean": 0.9738170827586394,
    "Recall_std_across_seeds": 0.000933306730476309,
    "per_seed": [
      {
        "F1_mean": 0.9281283684323154,
        "F1_std": 0.000799557298925686,
        "AUROC_mean": 0.9083093283684041,
        "AUROC_std": 0.0007614710371674258,
        "AUPRC_mean": 0.9491879370176409,
        "AUPRC_std": 0.00046279409061509674,
        "Precision_mean": 0.8876165961782767,
        "Precision_std": 0.0009296511745352022,
        "Recall_mean": 0.9725167103297996,
        "Recall_std": 0.0014148207277904213,
        "best_val_f1": 0.9281054147689672,
        "train_time_s": 4806.116074085236,
        "seed": 2024,
        "n_params": 873217
      },
      {
        "F1_mean": 0.926560887536121,
        "F1_std": 0.0009345341667354283,
        "AUROC_mean": 0.9046104387113624,
        "AUROC_std": 0.0008711484253190461,
        "AUPRC_mean": 0.9475493917895296,
        "AUPRC_std": 0.0005162090647123882,
        "Precision_mean": 0.8829854590088869,
        "Precision_std": 0.0009539897514682702,
        "Recall_mean": 0.974663140970709,
        "Recall_std": 0.0018410636449615614,
        "best_val_f1": 0.9265145475318952,
        "train_time_s": 4845.634608745575,
        "seed": 42,
        "n_params": 873217
      },
      {
        "F1_mean": 0.9284198379340203,
        "F1_std": 0.0007854161660970389,
        "AUROC_mean": 0.9081396175064413,
        "AUROC_std": 0.000778105395796538,
        "AUPRC_mean": 0.9495044398062706,
        "AUPRC_std": 0.00047024876661380297,
        "Precision_mean": 0.8866921695444194,
        "Precision_std": 0.0009535747884355294,
        "Recall_mean": 0.97427139697541,
        "Recall_std": 0.0016405599368633373,
        "best_val_f1": 0.9283828190320637,
        "train_time_s": 4958.374408960342,
        "seed": 123,
        "n_params": 873217
      }
    ]
  },
  "delta": {
    "AUROC": 0.0006011757884172297,
    "F1": 0.0016457863382675075,
    "AUPRC": 0.00043834999359315674
  }
}