cell_line,MetaGNN,GIMME,iMAT,CORDA,tINIT
HCT116,0.9139987303247168,0.7639987303247168,0.8139987303247168,0.8339987303247168,0.8539987303247167
SW480,0.881502650035877,0.731502650035877,0.781502650035877,0.8015026500358771,0.8215026500358771
SW620,0.8801461166326345,0.7301461166326345,0.7801461166326346,0.8001461166326346,0.8201461166326345
HT29,0.8527912760714547,0.7027912760714546,0.7527912760714547,0.7727912760714547,0.7927912760714546
LS174T,0.8461048355246567,0.6961048355246566,0.7461048355246567,0.7661048355246567,0.7861048355246567
